USE petmatch_dev;


INSERT INTO `document_type` 
(`id_document_type`, `document_type`, `abbreviate`, `description`)
VALUES
(10, 'CÉDULA DE CIUDADANÍA', 'CC', 'Cédula de Ciudadanía'),
(20, 'CÉDULA DE EXTRANJERÍA', 'CE', 'Cédula de Extranjería'),
(30, 'PASAPORTE', 'PA', 'Pasaporte'),
(40, 'TARJETA DE IDENTIDAD', 'TI', 'Tarjeta de Identidad'),
(50, 'REGISTRO CIVIL', 'RC', 'Registro Civil'),
(60, 'NIT', 'NIT','Número de informacion tributaria'),
(70, 'NUIP', 'NUIP','Número único de identificación personal,');


INSERT INTO `document` 
(`id_document`, `document`, `document_type_document`)
VALUES 
(100, '1121952226', 10),
(200, '1234567893', 20),
(300, '9876543210', 30),
(400, '5556667778', 40),
(500, '1112223334', 50),
(600, '9998887776', 60),
(700, '4445556662', 70),
(800, '7778889991', 10),
(900, '8887776660', 20),
(1000, '2223334445', 30);


-- Agregar los métodos http permitidos
INSERT INTO `http_method` 
(`id_http_method`, `http_method`, `description`)
VALUES
(10, 'GET', 'Método GET'),
(20, 'POST', 'Método POST'),
(30, 'PUT', 'Método PUT'),
(40, 'UPDATE', 'Método UPDATE'),
(50, 'DELETE', 'Método DELETE');

-- Country populate
INSERT INTO `country` (`id_country`, `iso`, `country`, `iso3`, `num_code`, `phone_code`) VALUES
(1, 'AF', 'Afganistán', 'AFG', 4, 93),
(2, 'AL', 'Albania', 'ALB', 8, 355),
(3, 'DZ', 'Algeria', 'DZA', 12, 213),
(4, 'AS', 'American Samoa', 'ASM', 16, 1684),
(5, 'AD', 'Andorra', 'AND', 20, 376),
(6, 'AO', 'Angola', 'AGO', 24, 244),
(7, 'AI', 'Anguilla', 'AIA', 660, 1264),
(8, 'AQ', 'Antártida', NULL, NULL, 0),
(9, 'AG', 'Antigua and Barbuda', 'ATG', 28, 1268),
(10, 'AR', 'Argentina', 'ARG', 32, 54),
(11, 'AM', 'Armenia', 'ARM', 51, 374),
(12, 'AW', 'Aruba', 'ABW', 533, 297),
(13, 'AU', 'Australia', 'AUS', 36, 61),
(14, 'AT', 'Austria', 'AUT', 40, 43),
(15, 'AZ', 'Azerbaijan', 'AZE', 31, 994),
(16, 'BS', 'Bahamas', 'BHS', 44, 1242),
(17, 'BH', 'Bahrain', 'BHR', 48, 973),
(18, 'BD', 'Bangladesh', 'BGD', 50, 880),
(19, 'BB', 'Barbados', 'BRB', 52, 1246),
(20, 'BY', 'Belarus', 'BLR', 112, 375),
(21, 'BE', 'Bélgica', 'BEL', 56, 32),
(22, 'BZ', 'Belize', 'BLZ', 84, 501),
(23, 'BJ', 'Benin', 'BEN', 204, 229),
(24, 'BM', 'Bermuda', 'BMU', 60, 1441),
(25, 'BT', 'Bhutan', 'BTN', 64, 975),
(26, 'BO', 'Bolivia', 'BOL', 68, 591),
(27, 'BA', 'Bosnia y Herzegovina', 'BIH', 70, 387),
(28, 'BW', 'Botswana', 'BWA', 72, 267),
(29, 'BV', 'Bouvet Island', NULL, NULL, 0),
(30, 'BR', 'Brasil', 'BRA', 76, 55),
(31, 'IO', 'British Indian Ocean Territory', NULL, NULL, 246),
(32, 'BN', 'Brunei Darussalam', 'BRN', 96, 673),
(33, 'BG', 'Bulgaria', 'BGR', 100, 359),
(34, 'BF', 'Burkina Faso', 'BFA', 854, 226),
(35, 'BI', 'Burundi', 'BDI', 108, 257),
(36, 'KH', 'Cambodia', 'KHM', 116, 855),
(37, 'CM', 'Cameroon', 'CMR', 120, 237),
(38, 'CA', 'Canadá', 'CAN', 124, 1),
(39, 'CV', 'Cape Verde', 'CPV', 132, 238),
(40, 'KY', 'Islas Caimán', 'CYM', 136, 1345),
(41, 'CF', 'República Centroafricana', 'CAF', 140, 236),
(42, 'TD', 'Chad', 'TCD', 148, 235),
(43, 'CL', 'Chile', 'CHL', 152, 56),
(44, 'CN', 'China', 'CHN', 156, 86),
(45, 'CX', 'Islas de Navidad', NULL, NULL, 61),
(46, 'CC', 'Islas Cocos', NULL, NULL, 672),
(47, 'CO', 'Colombia', 'COL', 170, 57),
(48, 'KM', 'Comoros', 'COM', 174, 269),
(49, 'CG', 'Congo', 'COG', 178, 242),
(50, 'CD', 'Congo, the Democratic Republic of the', 'COD', 180, 242),
(51, 'CK', 'Islas Cook', 'COK', 184, 682),
(52, 'CR', 'Costa Rica', 'CRI', 188, 506),
(53, 'CI', 'Costa de Marfil', 'CIV', 384, 225),
(54, 'HR', 'Croacia', 'HRV', 191, 385),
(55, 'CU', 'Cuba', 'CUB', 192, 53),
(56, 'CY', 'Chipre', 'CYP', 196, 357),
(57, 'CZ', 'República Checa', 'CZE', 203, 420),
(58, 'DK', 'Dinamarca', 'DNK', 208, 45),
(59, 'DJ', 'Djibouti', 'DJI', 262, 253),
(60, 'DM', 'Dominica', 'DMA', 212, 1767),
(61, 'DO', 'República Dominicana', 'DOM', 214, 1809),
(62, 'EC', 'Ecuador', 'ECU', 218, 593),
(63, 'EG', 'Egipto', 'EGY', 818, 20),
(64, 'SV', 'El Salvador', 'SLV', 222, 503),
(65, 'GQ', 'Guinea Ecuatorial', 'GNQ', 226, 240),
(66, 'ER', 'Eritrea', 'ERI', 232, 291),
(67, 'EE', 'Estonia', 'EST', 233, 372),
(68, 'ET', 'Ethiopia', 'ETH', 231, 251),
(69, 'FK', 'Islas Malvinas', 'FLK', 238, 500),
(70, 'FO', 'Islas Faroe', 'FRO', 234, 298),
(71, 'FJ', 'Fiji', 'FJI', 242, 679),
(72, 'FI', 'Finlandia', 'FIN', 246, 358),
(73, 'FR', 'Francia', 'FRA', 250, 33),
(74, 'GF', 'Guayana Francesa', 'GUF', 254, 594),
(75, 'PF', 'Polinesia Francesa', 'PYF', 258, 689),
(76, 'TF', 'Territorios Australes Franceses', NULL, NULL, 0),
(77, 'GA', 'Gabon', 'GAB', 266, 241),
(78, 'GM', 'Gambia', 'GMB', 270, 220),
(79, 'GE', 'Georgia', 'GEO', 268, 995),
(80, 'DE', 'Alemania', 'DEU', 276, 49),
(81, 'GH', 'Ghana', 'GHA', 288, 233),
(82, 'GI', 'Gibraltar', 'GIB', 292, 350),
(83, 'GR', 'Greece', 'GRC', 300, 30),
(84, 'GL', 'Groenlandia', 'GRL', 304, 299),
(85, 'GD', 'Grenada', 'GRD', 308, 1473),
(86, 'GP', 'Guadeloupe', 'GLP', 312, 590),
(87, 'GU', 'Guam', 'GUM', 316, 1671),
(88, 'GT', 'Guatemala', 'GTM', 320, 502),
(89, 'GN', 'Guinea', 'GIN', 324, 224),
(90, 'GW', 'Guinea-Bissau', 'GNB', 624, 245),
(91, 'GY', 'Guyana', 'GUY', 328, 592),
(92, 'HT', 'Haiti', 'HTI', 332, 509),
(93, 'HM', 'Islas Heard y McDonald', NULL, NULL, 0),
(94, 'VA', 'Ciudad del Vaticano', 'VAT', 336, 39),
(95, 'HN', 'Honduras', 'HND', 340, 504),
(96, 'HK', 'Hong Kong', 'HKG', 344, 852),
(97, 'HU', 'Hungría', 'HUN', 348, 36),
(98, 'IS', 'Islandia', 'ISL', 352, 354),
(99, 'IN', 'India', 'IND', 356, 91),
(100, 'ID', 'Indonesia', 'IDN', 360, 62),
(101, 'IR', 'Irán', 'IRN', 364, 98),
(102, 'IQ', 'Iraq', 'IRQ', 368, 964),
(103, 'IE', 'Irlanda', 'IRL', 372, 353),
(104, 'IL', 'Israel', 'ISR', 376, 972),
(105, 'IT', 'Italia', 'ITA', 380, 39),
(106, 'JM', 'Jamaica', 'JAM', 388, 1876),
(107, 'JP', 'Japón', 'JPN', 392, 81),
(108, 'JO', 'Jordán', 'JOR', 400, 962),
(109, 'KZ', 'Kazajstán', 'KAZ', 398, 7),
(110, 'KE', 'Kenia', 'KEN', 404, 254),
(111, 'KI', 'Kiribati', 'KIR', 296, 686),
(112, 'KP', 'Corea del Norte', 'PRK', 408, 850),
(113, 'KR', 'Corea del Sur', 'KOR', 410, 82),
(114, 'KW', 'Kuwait', 'KWT', 414, 965),
(115, 'KG', 'Kirguistán', 'KGZ', 417, 996),
(116, 'LA', 'Laos', 'LAO', 418, 856),
(117, 'LV', 'Latvia', 'LVA', 428, 371),
(118, 'LB', 'Líbano', 'LBN', 422, 961),
(119, 'LS', 'Lesotho', 'LSO', 426, 266),
(120, 'LR', 'Liberia', 'LBR', 430, 231),
(121, 'LY', 'Libia', 'LBY', 434, 218),
(122, 'LI', 'Liechtenstein', 'LIE', 438, 423),
(123, 'LT', 'Lituania', 'LTU', 440, 370),
(124, 'LU', 'Luxemburgo', 'LUX', 442, 352),
(125, 'MO', 'Macao', 'MAC', 446, 853),
(126, 'MK', 'Macedonia, the Former Yugoslav Republic of', 'MKD', 807, 389),
(127, 'MG', 'Madagascar', 'MDG', 450, 261),
(128, 'MW', 'Malawi', 'MWI', 454, 265),
(129, 'MY', 'Malasia', 'MYS', 458, 60),
(130, 'MV', 'Maldivas', 'MDV', 462, 960),
(131, 'ML', 'Malí', 'MLI', 466, 223),
(132, 'MT', 'Malta', 'MLT', 470, 356),
(133, 'MH', 'Islas Marshall', 'MHL', 584, 692),
(134, 'MQ', 'Martinica', 'MTQ', 474, 596),
(135, 'MR', 'Mauritania', 'MRT', 478, 222),
(136, 'MU', 'Mauricio', 'MUS', 480, 230),
(137, 'YT', 'Mayotte', NULL, NULL, 269),
(138, 'MX', 'México', 'MEX', 484, 52),
(139, 'FM', 'Micronesia', 'FSM', 583, 691),
(140, 'MD', 'Moldova, Republic of', 'MDA', 498, 373),
(141, 'MC', 'Mónaco', 'MCO', 492, 377),
(142, 'MN', 'Mongolia', 'MNG', 496, 976),
(143, 'MS', 'Montserrat', 'MSR', 500, 1664),
(144, 'MA', 'Morocco', 'MAR', 504, 212),
(145, 'MZ', 'Mozambique', 'MOZ', 508, 258),
(146, 'MM', 'Myanmar', 'MMR', 104, 95),
(147, 'NA', 'Namibia', 'NAM', 516, 264),
(148, 'NR', 'Nauru', 'NRU', 520, 674),
(149, 'NP', 'Nepal', 'NPL', 524, 977),
(150, 'NL', 'Holanda', 'NLD', 528, 31),
(151, 'AN', 'Holanda Antilles', 'ANT', 530, 599),
(152, 'NC', 'Nueva Caledonia', 'NCL', 540, 687),
(153, 'NZ', 'Nueva Zelanda', 'NZL', 554, 64),
(154, 'NI', 'Nicaragua', 'NIC', 558, 505),
(155, 'NE', 'Niger', 'NER', 562, 227),
(156, 'NG', 'Nigeria', 'NGA', 566, 234),
(157, 'NU', 'Niue', 'NIU', 570, 683),
(158, 'NF', 'Isla Norfolk', 'NFK', 574, 672),
(159, 'MP', 'Islas Marianas del Norte', 'MNP', 580, 1670),
(160, 'NO', 'Noruega', 'NOR', 578, 47),
(161, 'OM', 'Oman', 'OMN', 512, 968),
(162, 'PK', 'Pakistan', 'PAK', 586, 92),
(163, 'PW', 'Palau', 'PLW', 585, 680),
(164, 'PS', 'Territorio Palestino', NULL, NULL, 970),
(165, 'PA', 'Panamá', 'PAN', 591, 507),
(166, 'PG', 'Papúa Nueva Guinea', 'PNG', 598, 675),
(167, 'PY', 'Paraguay', 'PRY', 600, 595),
(168, 'PE', 'Perú', 'PER', 604, 51),
(169, 'PH', 'Filipinas', 'PHL', 608, 63),
(170, 'PN', 'Islas Pitcairn', 'PCN', 612, 0),
(171, 'PL', 'Polonia', 'POL', 616, 48),
(172, 'PT', 'Portugal', 'PRT', 620, 351),
(173, 'PR', 'Puerto Rico', 'PRI', 630, 1787),
(174, 'QA', 'Qatar', 'QAT', 634, 974),
(175, 'RE', 'Reunión', 'REU', 638, 262),
(176, 'RO', 'Rumania', 'ROM', 642, 40),
(177, 'RU', 'Rusia', 'RUS', 643, 70),
(178, 'RW', 'Ruanda', 'RWA', 646, 250),
(179, 'SH', 'Santa Helena', 'SHN', 654, 290),
(180, 'KN', 'San Cristóbal y Nevis', 'KNA', 659, 1869),
(181, 'LC', 'Santa Lucia', 'LCA', 662, 1758),
(182, 'PM', 'San Pedro y Miquelón', 'SPM', 666, 508),
(183, 'VC', 'San Vicente y las Granadinas', 'VCT', 670, 1784),
(184, 'WS', 'Samoa', 'WSM', 882, 684),
(185, 'SM', 'San Marino', 'SMR', 674, 378),
(186, 'ST', 'Santo Tomé y Príncipe', 'STP', 678, 239),
(187, 'SA', 'Arabia Saudi', 'SAU', 682, 966),
(188, 'SN', 'Senegal', 'SEN', 686, 221),
(189, 'CS', 'Serbia y Montenegro', NULL, NULL, 381),
(190, 'SC', 'Seychelles', 'SYC', 690, 248),
(191, 'SL', 'Sierra Leona', 'SLE', 694, 232),
(192, 'SG', 'Singapur', 'SGP', 702, 65),
(193, 'SK', 'Eslovaquia', 'SVK', 703, 421),
(194, 'SI', 'Eslovenia', 'SVN', 705, 386),
(195, 'SB', 'Islas Salomón', 'SLB', 90, 677),
(196, 'SO', 'Somalia', 'SOM', 706, 252),
(197, 'ZA', 'Sudáfrica', 'ZAF', 710, 27),
(198, 'GS', 'Islas Georgias del Sur y Sandwich del Sur', NULL, NULL, 0),
(199, 'ES', 'España', 'ESP', 724, 34),
(200, 'LK', 'Sri Lanka', 'LKA', 144, 94),
(201, 'SD', 'Sudán', 'SDN', 736, 249),
(202, 'SR', 'Suriname', 'SUR', 740, 597),
(203, 'SJ', 'Svalbard y Jan Mayen', 'SJM', 744, 47),
(204, 'SZ', 'Swaziland', 'SWZ', 748, 268),
(205, 'SE', 'Suecia', 'SWE', 752, 46),
(206, 'CH', 'Suiza', 'CHE', 756, 41),
(207, 'SY', 'Syrian Arab Republic', 'SYR', 760, 963),
(208, 'TW', 'Taiwan, Province of China', 'TWN', 158, 886),
(209, 'TJ', 'Tajikistan', 'TJK', 762, 992),
(210, 'TZ', 'Tanzania, United Republic of', 'TZA', 834, 255),
(211, 'TH', 'Tailandia', 'THA', 764, 66),
(212, 'TL', 'Timor-Leste', NULL, NULL, 670),
(213, 'TG', 'Togo', 'TGO', 768, 228),
(214, 'TK', 'Tokelau', 'TKL', 772, 690),
(215, 'TO', 'Tonga', 'TON', 776, 676),
(216, 'TT', 'Trinidad and Tobago', 'TTO', 780, 1868),
(217, 'TN', 'Tunisia', 'TUN', 788, 216),
(218, 'TR', 'Turquía', 'TUR', 792, 90),
(219, 'TM', 'Turkmenistan', 'TKM', 795, 7370),
(220, 'TC', 'Turks and Caicos Islands', 'TCA', 796, 1649),
(221, 'TV', 'Tuvalu', 'TUV', 798, 688),
(222, 'UG', 'Uganda', 'UGA', 800, 256),
(223, 'UA', 'Ucrania', 'UKR', 804, 380),
(224, 'AE', 'United Arab Emirates', 'ARE', 784, 971),
(225, 'GB', 'Reino Unido', 'GBR', 826, 44),
(226, 'US', 'Estados Unidos', 'USA', 840, 1),
(227, 'UM', 'United States Minor Outlying Islands', NULL, NULL, 1),
(228, 'UY', 'Uruguay', 'URY', 858, 598),
(229, 'UZ', 'Uzbekistan', 'UZB', 860, 998),
(230, 'VU', 'Vanuatu', 'VUT', 548, 678),
(231, 'VE', 'Venezuela', 'VEN', 862, 58),
(232, 'VN', 'Viet Nam', 'VNM', 704, 84),
(233, 'VG', 'Virgin Islands, British', 'VGB', 92, 1284),
(234, 'VI', 'Virgin Islands, U.s.', 'VIR', 850, 1340),
(235, 'WF', 'Wallis and Futuna', 'WLF', 876, 681),
(236, 'EH', 'Western Sahara', 'ESH', 732, 212),
(237, 'YE', 'Yemen', 'YEM', 887, 967),
(238, 'ZM', 'Zambia', 'ZMB', 894, 260),
(239, 'ZW', 'Zimbabwe', 'ZWE', 716, 263);

-- Department populate

INSERT INTO department(id_department, department, country_department)
VALUES
(5,'ANTIOQUIA', 27),
(8,'ATLÁNTICO', 27),
(11,'BOGOTÁ, D.C.', 27),
(13,'BOLÍVAR', 27),
(15,'BOYACÁ', 27),
(17,'CALDAS', 27),
(18,'CAQUETÁ', 27),
(19,'CAUCA', 27),
(20,'CESAR', 27),
(23,'CÓRDOBA', 27),
(25,'CUNDINAMARCA', 27),
(27,'CHOCÓ', 27),
(41,'HUILA', 27),
(44,'LA GUAJIRA', 27),
(47,'MAGDALENA', 27),
(50,'META', 27),
(52,'NARIÑO', 27),
(54,'NORTE DE SANTANDER', 27),
(63,'QUINDIO', 27),
(66,'RISARALDA', 27),
(68,'SANTANDER', 27),
(70,'SUCRE', 27),
(73,'TOLIMA', 27),
(76,'VALLE DEL CAUCA', 27),
(81,'ARAUCA', 27),
(85,'CASANARE', 27),
(86,'PUTUMAYO', 27),
(88,'SAN ANDRÉS, PROVIDENCIA Y SANTA CATALINA', 27),
(91,'AMAZONAS', 27),
(94,'GUAINÍA', 27),
(95,'GUAVIARE', 27),
(97,'VAUPÉS', 27),
(99,'VICHADA', 27);

-- Cities
INSERT INTO city (id_city, city, department_city)
VALUES
(1,'Abriaquí', 5),
(2,'Acacías', 50),
(3,'Acandí', 27),
(4,'Acevedo',41),
(5,'Achí',13),
(6,'Agrado',41),
(7,'Agua de Dios',25),
(8,'Aguachica',20),
(9,'Aguada',68),
(10,'Aguadas',17),
(11,'Aguazul',85),
(12,'Agustín Codazzi',20),
(13,'Aipe',41),
(14,'Albania',18),
(15,'Albania',44),
(16,'Albania',68),
(17,'Albán',25),
(18,'Albán (San José)',52),
(19,'Alcalá',76),
(20,'Alejandria',5),
(21,'Algarrobo',47),
(22,'Algeciras',41),
(23,'Almaguer',19),
(24,'Almeida',15),
(25,'Alpujarra',73),
(26,'Altamira',41),
(27,'Alto Baudó (Pie de Pato)',27),
(28,'Altos del Rosario',13),
(29,'Alvarado',73),
(30,'Amagá',5),
(31,'Amalfi',5),
(32,'Ambalema',73),
(33,'Anapoima',25),
(34,'Ancuya',52),
(35,'Andalucía',76),
(36,'Andes',5),
(37,'Angelópolis',5),
(38,'Angostura',5),
(39,'Anolaima',25),
(40,'Anorí',5),
(41,'Anserma',17),
(42,'Ansermanuevo',76),
(43,'Anzoátegui',73),
(44,'Anzá',5),
(45,'Apartadó',5),
(46,'Apulo',25),
(47,'Apía',66),
(48,'Aquitania',15),
(49,'Aracataca',47),
(50,'Aranzazu',17),
(51,'Aratoca',68),
(52,'Arauca',81),
(53,'Arauquita',81),
(54,'Arbeláez',25),
(55,'Arboleda (Berruecos)',52),
(56,'Arboledas',54),
(57,'Arboletes',5),
(58,'Arcabuco',15),
(59,'Arenal',13),
(60,'Argelia',5),
(61,'Argelia',19),
(62,'Argelia',76),
(63,'Ariguaní (El Difícil)',47),
(64,'Arjona',13),
(65,'Armenia',5),
(66,'Armenia',63),
(67,'Armero (Guayabal)',73),
(68,'Arroyohondo',13),
(69,'Astrea',20),
(70,'Ataco',73),
(71,'Atrato (Yuto)',27),
(72,'Ayapel',23),
(73,'Bagadó',27),
(74,'Bahía Solano (Mútis)',27),
(75,'Bajo Baudó (Pizarro)',27),
(76,'Balboa',19),
(77,'Balboa',66),
(78,'Baranoa',8),
(79,'Baraya',41),
(80,'Barbacoas',52),
(81,'Barbosa',5),
(82,'Barbosa',68),
(83,'Barichara',68),
(84,'Barranca de Upía',50),
(85,'Barrancabermeja',68),
(86,'Barrancas',44),
(87,'Barranco de Loba',13),
(88,'Barranquilla',8),
(89,'Becerríl',20),
(90,'Belalcázar',17),
(91,'Bello',5),
(92,'Belmira',5),
(93,'Beltrán',25),
(94,'Belén',15),
(95,'Belén',52),
(96,'Belén de Bajirá',27),
(97,'Belén de Umbría',66),
(98,'Belén de los Andaquíes',18),
(99,'Berbeo',15),
(100,'Betania',5),
(101,'Beteitiva',15),
(102,'Betulia',5),
(103,'Betulia',68),
(104,'Bituima',25),
(105,'Boavita',15),
(106,'Bochalema',54),
(107,'Bogotá D.C.',11),
(108,'Bojacá',25),
(109,'Bojayá (Bellavista)',27),
(110,'Bolívar',5),
(111,'Bolívar',19),
(112,'Bolívar',68),
(113,'Bolívar',76),
(114,'Bosconia',20),
(115,'Boyacá',15),
(116,'Briceño',5),
(117,'Briceño',15),
(118,'Bucaramanga',68),
(119,'Bucarasica',54),
(120,'Buenaventura',76),
(121,'Buenavista',15),
(122,'Buenavista',23),
(123,'Buenavista',63),
(124,'Buenavista',70),
(125,'Buenos Aires',19),
(126,'Buesaco',52),
(127,'Buga',76),
(128,'Bugalagrande',76),
(129,'Burítica',5),
(130,'Busbanza',15),
(131,'Cabrera',25),
(132,'Cabrera',68),
(133,'Cabuyaro',50),
(134,'Cachipay',25),
(135,'Caicedo',5),
(136,'Caicedonia',76),
(137,'Caimito',70),
(138,'Cajamarca',73),
(139,'Cajibío',19),
(140,'Cajicá',25),
(141,'Calamar',13),
(142,'Calamar',95),
(143,'Calarcá',63),
(144,'Caldas',5),
(145,'Caldas',15),
(146,'Caldono',19),
(147,'California',68),
(148,'Calima (Darién)',76),
(149,'Caloto',19),
(150,'Calí',76),
(151,'Campamento',5),
(152,'Campo de la Cruz',8),
(153,'Campoalegre',41),
(154,'Campohermoso',15),
(155,'Canalete',23),
(156,'Candelaria',8),
(157,'Candelaria',76),
(158,'Cantagallo',13),
(159,'Cantón de San Pablo',27),
(160,'Caparrapí',25),
(161,'Capitanejo',68),
(162,'Caracolí',5),
(163,'Caramanta',5),
(164,'Carcasí',68),
(165,'Carepa',5),
(166,'Carmen de Apicalá',73),
(167,'Carmen de Carupa',25),
(168,'Carmen de Viboral',5),
(169,'Carmen del Darién (CURBARADÓ)',27),
(170,'Carolina',5),
(171,'Cartagena',13),
(172,'Cartagena del Chairá',18),
(173,'Cartago',76),
(174,'Carurú',97),
(175,'Casabianca',73),
(176,'Castilla la Nueva',50),
(177,'Caucasia',5),
(178,'Cañasgordas',5),
(179,'Cepita',68),
(180,'Cereté',23),
(181,'Cerinza',15),
(182,'Cerrito',68),
(183,'Cerro San Antonio',47),
(184,'Chachaguí',52),
(185,'Chaguaní',25),
(186,'Chalán',70),
(187,'Chaparral',73),
(188,'Charalá',68),
(189,'Charta',68),
(190,'Chigorodó',5),
(191,'Chima',68),
(192,'Chimichagua',20),
(193,'Chimá',23),
(194,'Chinavita',15),
(195,'Chinchiná',17),
(196,'Chinácota',54),
(197,'Chinú',23),
(198,'Chipaque',25),
(199,'Chipatá',68),
(200,'Chiquinquirá',15),
(201,'Chiriguaná',20),
(202,'Chiscas',15),
(203,'Chita',15),
(204,'Chitagá',54),
(205,'Chitaraque',15),
(206,'Chivatá',15),
(207,'Chivolo',47),
(208,'Choachí',25),
(209,'Chocontá',25),
(210,'Chámeza',85),
(211,'Chía',25),
(212,'Chíquiza',15),
(213,'Chívor',15),
(214,'Cicuco',13),
(215,'Cimitarra',68),
(216,'Circasia',63),
(217,'Cisneros',5),
(218,'Ciénaga',15),
(219,'Ciénaga',47),
(220,'Ciénaga de Oro',23),
(221,'Clemencia',13),
(222,'Cocorná',5),
(223,'Coello',73),
(224,'Cogua',25),
(225,'Colombia',41),
(226,'Colosó (Ricaurte)',70),
(227,'Colón',86),
(228,'Colón (Génova)',52),
(229,'Concepción',5),
(230,'Concepción',68),
(231,'Concordia',5),
(232,'Concordia',47),
(233,'Condoto',27),
(234,'Confines',68),
(235,'Consaca',52),
(236,'Contadero',52),
(237,'Contratación',68),
(238,'Convención',54),
(239,'Copacabana',5),
(240,'Coper',15),
(241,'Cordobá',63),
(242,'Corinto',19),
(243,'Coromoro',68),
(244,'Corozal',70),
(245,'Corrales',15),
(246,'Cota',25),
(247,'Cotorra',23),
(248,'Covarachía',15),
(249,'Coveñas',70),
(250,'Coyaima',73),
(251,'Cravo Norte',81),
(252,'Cuaspud (Carlosama)',52),
(253,'Cubarral',50),
(254,'Cubará',15),
(255,'Cucaita',15),
(256,'Cucunubá',25),
(257,'Cucutilla',54),
(258,'Cuitiva',15),
(259,'Cumaral',50),
(260,'Cumaribo',99),
(261,'Cumbal',52),
(262,'Cumbitara',52),
(263,'Cunday',73),
(264,'Curillo',18),
(265,'Curití',68),
(266,'Curumaní',20),
(267,'Cáceres',5),
(268,'Cáchira',54),
(269,'Cácota',54),
(270,'Cáqueza',25),
(271,'Cértegui',27),
(272,'Cómbita',15),
(273,'Córdoba',13),
(274,'Córdoba',52),
(275,'Cúcuta',54),
(276,'Dabeiba',5),
(277,'Dagua',76),
(278,'Dibulla',44),
(279,'Distracción',44),
(280,'Dolores',73),
(281,'Don Matías',5),
(282,'Dos Quebradas',66),
(283,'Duitama',15),
(284,'Durania',54),
(285,'Ebéjico',5),
(286,'El Bagre',5),
(287,'El Banco',47),
(288,'El Cairo',76),
(289,'El Calvario',50),
(290,'El Carmen',54),
(291,'El Carmen',68),
(292,'El Carmen de Atrato',27),
(293,'El Carmen de Bolívar',13),
(294,'El Castillo',50),
(295,'El Cerrito',76),
(296,'El Charco',52),
(297,'El Cocuy',15),
(298,'El Colegio',25),
(299,'El Copey',20),
(300,'El Doncello',18),
(301,'El Dorado',50),
(302,'El Dovio',76),
(303,'El Espino',15),
(304,'El Guacamayo',68),
(305,'El Guamo',13),
(306,'El Molino',44),
(307,'El Paso',20),
(308,'El Paujil',18),
(309,'El Peñol',52),
(310,'El Peñon',13),
(311,'El Peñon',68),
(312,'El Peñón',25),
(313,'El Piñon',47),
(314,'El Playón',68),
(315,'El Retorno',95),
(316,'El Retén',47),
(317,'El Roble',70),
(318,'El Rosal',25),
(319,'El Rosario',52),
(320,'El Tablón de Gómez',52),
(321,'El Tambo',19),
(322,'El Tambo',52),
(323,'El Tarra',54),
(324,'El Zulia',54),
(325,'El Águila',76),
(326,'Elías',41),
(327,'Encino',68),
(328,'Enciso',68),
(329,'Entrerríos',5),
(330,'Envigado',5),
(331,'Espinal',73),
(332,'Facatativá',25),
(333,'Falan',73),
(334,'Filadelfia',17),
(335,'Filandia',63),
(336,'Firavitoba',15),
(337,'Flandes',73),
(338,'Florencia',18),
(339,'Florencia',19),
(340,'Floresta',15),
(341,'Florida',76),
(342,'Floridablanca',68),
(343,'Florián',68),
(344,'Fonseca',44),
(345,'Fortúl',81),
(346,'Fosca',25),
(347,'Francisco Pizarro',52),
(348,'Fredonia',5),
(349,'Fresno',73),
(350,'Frontino',5),
(351,'Fuente de Oro',50),
(352,'Fundación',47),
(353,'Funes',52),
(354,'Funza',25),
(355,'Fusagasugá',25),
(356,'Fómeque',25),
(357,'Fúquene',25),
(358,'Gachalá',25),
(359,'Gachancipá',25),
(360,'Gachantivá',15),
(361,'Gachetá',25),
(362,'Galapa',8),
(363,'Galeras (Nueva Granada)',70),
(364,'Galán',68),
(365,'Gama',25),
(366,'Gamarra',20),
(367,'Garagoa',15),
(368,'Garzón',41),
(369,'Gigante',41),
(370,'Ginebra',76),
(371,'Giraldo',5),
(372,'Girardot',25),
(373,'Girardota',5),
(374,'Girón',68),
(375,'Gonzalez',20),
(376,'Gramalote',54),
(377,'Granada',5),
(378,'Granada',25),
(379,'Granada',50),
(380,'Guaca',68),
(381,'Guacamayas',15),
(382,'Guacarí',76),
(383,'Guachavés',52),
(384,'Guachené',19),
(385,'Guachetá',25),
(386,'Guachucal',52),
(387,'Guadalupe',5),
(388,'Guadalupe',41),
(389,'Guadalupe',68),
(390,'Guaduas',25),
(391,'Guaitarilla',52),
(392,'Gualmatán',52),
(393,'Guamal',47),
(394,'Guamal',50),
(395,'Guamo',73),
(396,'Guapota',68),
(397,'Guapí',19),
(398,'Guaranda',70),
(399,'Guarne',5),
(400,'Guasca',25),
(401,'Guatapé',5),
(402,'Guataquí',25),
(403,'Guatavita',25),
(404,'Guateque',15),
(405,'Guavatá',68),
(406,'Guayabal de Siquima',25),
(407,'Guayabetal',25),
(408,'Guayatá',15),
(409,'Guepsa',68),
(410,'Guicán',15),
(411,'Gutiérrez',25),
(412,'Guática',66),
(413,'Gámbita',68),
(414,'Gámeza',15),
(415,'Génova',63),
(416,'Gómez Plata',5),
(417,'Hacarí',54),
(418,'Hatillo de Loba',13),
(419,'Hato',68),
(420,'Hato Corozal',85),
(421,'Hatonuevo',44),
(422,'Heliconia',5),
(423,'Herrán',54),
(424,'Herveo',73),
(425,'Hispania',5),
(426,'Hobo',41),
(427,'Honda',73),
(428,'Ibagué',73),
(429,'Icononzo',73),
(430,'Iles',52),
(431,'Imúes',52),
(432,'Inzá',19),
(433,'Inírida',94),
(434,'Ipiales',52),
(435,'Isnos',41),
(436,'Istmina',27),
(437,'Itagüí',5),
(438,'Ituango',5),
(439,'Izá',15),
(440,'Jambaló',19),
(441,'Jamundí',76),
(442,'Jardín',5),
(443,'Jenesano',15),
(444,'Jericó',5),
(445,'Jericó',15),
(446,'Jerusalén',25),
(447,'Jesús María',68),
(448,'Jordán',68),
(449,'Juan de Acosta',8),
(450,'Junín',25),
(451,'Juradó',27),
(452,'La Apartada y La Frontera',23),
(453,'La Argentina',41),
(454,'La Belleza',68),
(455,'La Calera',25),
(456,'La Capilla',15),
(457,'La Ceja',5),
(458,'La Celia',66),
(459,'La Cruz',52),
(460,'La Cumbre',76),
(461,'La Dorada',17),
(462,'La Esperanza',54),
(463,'La Estrella',5),
(464,'La Florida',52),
(465,'La Gloria',20),
(466,'La Jagua de Ibirico',20),
(467,'La Jagua del Pilar',44),
(468,'La Llanada',52),
(469,'La Macarena',50),
(470,'La Merced',17),
(471,'La Mesa',25),
(472,'La Montañita',18),
(473,'La Palma',25),
(474,'La Paz',68),
(475,'La Paz (Robles)',20),
(476,'La Peña',25),
(477,'La Pintada',5),
(478,'La Plata',41),
(479,'La Playa',54),
(480,'La Primavera',99),
(481,'La Salina',85),
(482,'La Sierra',19),
(483,'La Tebaida',63),
(484,'La Tola',52),
(485,'La Unión',5),
(486,'La Unión',52),
(487,'La Unión',70),
(488,'La Unión',76),
(489,'La Uvita',15),
(490,'La Vega',19),
(491,'La Vega',25),
(492,'La Victoria',15),
(493,'La Victoria',17),
(494,'La Victoria',76),
(495,'La Virginia',66),
(496,'Labateca',54),
(497,'Labranzagrande',15),
(498,'Landázuri',68),
(499,'Lebrija',68),
(500,'Leiva',52),
(501,'Lejanías',50),
(502,'Lenguazaque',25),
(503,'Leticia',91),
(504,'Liborina',5),
(505,'Linares',52),
(506,'Lloró',27),
(507,'Lorica',23),
(508,'Los Córdobas',23),
(509,'Los Palmitos',70),
(510,'Los Patios',54),
(511,'Los Santos',68),
(512,'Lourdes',54),
(513,'Luruaco',8),
(514,'Lérida',73),
(515,'Líbano',73),
(516,'López (Micay)',19),
(517,'Macanal',15),
(518,'Macaravita',68),
(519,'Maceo',5),
(520,'Machetá',25),
(521,'Madrid',25),
(522,'Magangué',13),
(523,'Magüi (Payán)',52),
(524,'Mahates',13),
(525,'Maicao',44),
(526,'Majagual',70),
(527,'Malambo',8),
(528,'Mallama (Piedrancha)',52),
(529,'Manatí',8),
(530,'Manaure',44),
(531,'Manaure Balcón del Cesar',20),
(532,'Manizales',17),
(533,'Manta',25),
(534,'Manzanares',17),
(535,'Maní',85),
(536,'Mapiripan',50),
(537,'Margarita',13),
(538,'Marinilla',5),
(539,'Maripí',15),
(540,'Mariquita',73),
(541,'Marmato',17),
(542,'Marquetalia',17),
(543,'Marsella',66),
(544,'Marulanda',17),
(545,'María la Baja',13),
(546,'Matanza',68),
(547,'Medellín',5),
(548,'Medina',25),
(549,'Medio Atrato',27),
(550,'Medio Baudó',27),
(551,'Medio San Juan (ANDAGOYA)',27),
(552,'Melgar',73),
(553,'Mercaderes',19),
(554,'Mesetas',50),
(555,'Milán',18),
(556,'Miraflores',15),
(557,'Miraflores',95),
(558,'Miranda',19),
(559,'Mistrató',66),
(560,'Mitú',97),
(561,'Mocoa',86),
(562,'Mogotes',68),
(563,'Molagavita',68),
(564,'Momil',23),
(565,'Mompós',13),
(566,'Mongua',15),
(567,'Monguí',15),
(568,'Moniquirá',15),
(569,'Montebello',5),
(570,'Montecristo',13),
(571,'Montelíbano',23),
(572,'Montenegro',63),
(573,'Monteria',23),
(574,'Monterrey',85),
(575,'Morales',13),
(576,'Morales',19),
(577,'Morelia',18),
(578,'Morroa',70),
(579,'Mosquera',25),
(580,'Mosquera',52),
(581,'Motavita',15),
(582,'Moñitos',23),
(583,'Murillo',73),
(584,'Murindó',5),
(585,'Mutatá',5),
(586,'Mutiscua',54),
(587,'Muzo',15),
(588,'Málaga',68),
(589,'Nariño',5),
(590,'Nariño',25),
(591,'Nariño',52),
(592,'Natagaima',73),
(593,'Nechí',5),
(594,'Necoclí',5),
(595,'Neira',17),
(596,'Neiva',41),
(597,'Nemocón',25),
(598,'Nilo',25),
(599,'Nimaima',25),
(600,'Nobsa',15),
(601,'Nocaima',25),
(602,'Norcasia',17),
(603,'Norosí',13),
(604,'Novita',27),
(605,'Nueva Granada',47),
(606,'Nuevo Colón',15),
(607,'Nunchía',85),
(608,'Nuquí',27),
(609,'Nátaga',41),
(610,'Obando',76),
(611,'Ocamonte',68),
(612,'Ocaña',54),
(613,'Oiba',68),
(614,'Oicatá',15),
(615,'Olaya',5),
(616,'Olaya Herrera',52),
(617,'Onzaga',68),
(618,'Oporapa',41),
(619,'Orito',86),
(620,'Orocué',85),
(621,'Ortega',73),
(622,'Ospina',52),
(623,'Otanche',15),
(624,'Ovejas',70),
(625,'Pachavita',15),
(626,'Pacho',25),
(627,'Padilla',19),
(628,'Paicol',41),
(629,'Pailitas',20),
(630,'Paime',25),
(631,'Paipa',15),
(632,'Pajarito',15),
(633,'Palermo',41),
(634,'Palestina',17),
(635,'Palestina',41),
(636,'Palmar',68),
(637,'Palmar de Varela',8),
(638,'Palmas del Socorro',68),
(639,'Palmira',76),
(640,'Palmito',70),
(641,'Palocabildo',73),
(642,'Pamplona',54),
(643,'Pamplonita',54),
(644,'Pandi',25),
(645,'Panqueba',15),
(646,'Paratebueno',25),
(647,'Pasca',25),
(648,'Patía (El Bordo)',19),
(649,'Pauna',15),
(650,'Paya',15),
(651,'Paz de Ariporo',85),
(652,'Paz de Río',15),
(653,'Pedraza',47),
(654,'Pelaya',20),
(655,'Pensilvania',17),
(656,'Peque',5),
(657,'Pereira',66),
(658,'Pesca',15),
(659,'Peñol',5),
(660,'Piamonte',19),
(661,'Pie de Cuesta',68),
(662,'Piedras',73),
(663,'Piendamó',19),
(664,'Pijao',63),
(665,'Pijiño',47),
(666,'Pinchote',68),
(667,'Pinillos',13),
(668,'Piojo',8),
(669,'Pisva',15),
(670,'Pital',41),
(671,'Pitalito',41),
(672,'Pivijay',47),
(673,'Planadas',73),
(674,'Planeta Rica',23),
(675,'Plato',47),
(676,'Policarpa',52),
(677,'Polonuevo',8),
(678,'Ponedera',8),
(679,'Popayán',19),
(680,'Pore',85),
(681,'Potosí',52),
(682,'Pradera',76),
(683,'Prado',73),
(684,'Providencia',52),
(685,'Providencia',88),
(686,'Pueblo Bello',20),
(687,'Pueblo Nuevo',23),
(688,'Pueblo Rico',66),
(689,'Pueblorrico',5),
(690,'Puebloviejo',47),
(691,'Puente Nacional',68),
(692,'Puerres',52),
(693,'Puerto Asís',86),
(694,'Puerto Berrío',5),
(695,'Puerto Boyacá',15),
(696,'Puerto Caicedo',86),
(697,'Puerto Carreño',99),
(698,'Puerto Colombia',8),
(699,'Puerto Concordia',50),
(700,'Puerto Escondido',23),
(701,'Puerto Gaitán',50),
(702,'Puerto Guzmán',86),
(703,'Puerto Leguízamo',86),
(704,'Puerto Libertador',23),
(705,'Puerto Lleras',50),
(706,'Puerto López',50),
(707,'Puerto Nare',5),
(708,'Puerto Nariño',91),
(709,'Puerto Parra',68),
(710,'Puerto Rico',18),
(711,'Puerto Rico',50),
(712,'Puerto Rondón',81),
(713,'Puerto Salgar',25),
(714,'Puerto Santander',54),
(715,'Puerto Tejada',19),
(716,'Puerto Triunfo',5),
(717,'Puerto Wilches',68),
(718,'Pulí',25),
(719,'Pupiales',52),
(720,'Puracé (Coconuco)',19),
(721,'Purificación',73),
(722,'Purísima',23),
(723,'Pácora',17),
(724,'Páez',15),
(725,'Páez (Belalcazar)',19),
(726,'Páramo',68),
(727,'Quebradanegra',25),
(728,'Quetame',25),
(729,'Quibdó',27),
(730,'Quimbaya',63),
(731,'Quinchía',66),
(732,'Quipama',15),
(733,'Quipile',25),
(734,'Ragonvalia',54),
(735,'Ramiriquí',15),
(736,'Recetor',85),
(737,'Regidor',13),
(738,'Remedios',5),
(739,'Remolino',47),
(740,'Repelón',8),
(741,'Restrepo',50),
(742,'Restrepo',76),
(743,'Retiro',5),
(744,'Ricaurte',25),
(745,'Ricaurte',52),
(746,'Rio Negro',68),
(747,'Rioblanco',73),
(748,'Riofrío',76),
(749,'Riohacha',44),
(750,'Risaralda',17),
(751,'Rivera',41),
(752,'Roberto Payán (San José)',52),
(753,'Roldanillo',76),
(754,'Roncesvalles',73),
(755,'Rondón',15),
(756,'Rosas',19),
(757,'Rovira',73),
(758,'Ráquira',15),
(759,'Río Iró',27),
(760,'Río Quito',27),
(761,'Río Sucio',17),
(762,'Río Viejo',13),
(763,'Río de oro',20),
(764,'Ríonegro',5),
(765,'Ríosucio',27),
(766,'Sabana de Torres',68),
(767,'Sabanagrande',8),
(768,'Sabanalarga',5),
(769,'Sabanalarga',8),
(770,'Sabanalarga',85),
(771,'Sabanas de San Angel (SAN ANGEL)',47),
(772,'Sabaneta',5),
(773,'Saboyá',15),
(774,'Sahagún',23),
(775,'Saladoblanco',41),
(776,'Salamina',17),
(777,'Salamina',47),
(778,'Salazar',54),
(779,'Saldaña',73),
(780,'Salento',63),
(781,'Salgar',5),
(782,'Samacá',15),
(783,'Samaniego',52),
(784,'Samaná',17),
(785,'Sampués',70),
(786,'San Agustín',41),
(787,'San Alberto',20),
(788,'San Andrés',68),
(789,'San Andrés Sotavento',23),
(790,'San Andrés de Cuerquía',5),
(791,'San Antero',23),
(792,'San Antonio',73),
(793,'San Antonio de Tequendama',25),
(794,'San Benito',68),
(795,'San Benito Abad',70),
(796,'San Bernardo',25),
(797,'San Bernardo',52),
(798,'San Bernardo del Viento',23),
(799,'San Calixto',54),
(800,'San Carlos',5),
(801,'San Carlos',23),
(802,'San Carlos de Guaroa',50),
(803,'San Cayetano',25),
(804,'San Cayetano',54),
(805,'San Cristobal',13),
(806,'San Diego',20),
(807,'San Eduardo',15),
(808,'San Estanislao',13),
(809,'San Fernando',13),
(810,'San Francisco',5),
(811,'San Francisco',25),
(812,'San Francisco',86),
(813,'San Gíl',68),
(814,'San Jacinto',13),
(815,'San Jacinto del Cauca',13),
(816,'San Jerónimo',5),
(817,'San Joaquín',68),
(818,'San José',17),
(819,'San José de Miranda',68),
(820,'San José de Montaña',5),
(821,'San José de Pare',15),
(822,'San José de Uré',23),
(823,'San José del Fragua',18),
(824,'San José del Guaviare',95),
(825,'San José del Palmar',27),
(826,'San Juan de Arama',50),
(827,'San Juan de Betulia',70),
(828,'San Juan de Nepomuceno',13),
(829,'San Juan de Pasto',52),
(830,'San Juan de Río Seco',25),
(831,'San Juan de Urabá',5),
(832,'San Juan del Cesar',44),
(833,'San Juanito',50),
(834,'San Lorenzo',52),
(835,'San Luis',73),
(836,'San Luís',5),
(837,'San Luís de Gaceno',15),
(838,'San Luís de Palenque',85),
(839,'San Marcos',70),
(840,'San Martín',20),
(841,'San Martín',50),
(842,'San Martín de Loba',13),
(843,'San Mateo',15),
(844,'San Miguel',68),
(845,'San Miguel',86),
(846,'San Miguel de Sema',15),
(847,'San Onofre',70),
(848,'San Pablo',13),
(849,'San Pablo',52),
(850,'San Pablo de Borbur',15),
(851,'San Pedro',5),
(852,'San Pedro',70),
(853,'San Pedro',76),
(854,'San Pedro de Cartago',52),
(855,'San Pedro de Urabá',5),
(856,'San Pelayo',23),
(857,'San Rafael',5),
(858,'San Roque',5),
(859,'San Sebastián',19),
(860,'San Sebastián de Buenavista',47),
(861,'San Vicente',5),
(862,'San Vicente del Caguán',18),
(863,'San Vicente del Chucurí',68),
(864,'San Zenón',47),
(865,'Sandoná',52),
(866,'Santa Ana',47),
(867,'Santa Bárbara',5),
(868,'Santa Bárbara',68),
(869,'Santa Bárbara (Iscuandé)',52),
(870,'Santa Bárbara de Pinto',47),
(871,'Santa Catalina',13),
(872,'Santa Fé de Antioquia',5),
(873,'Santa Genoveva de Docorodó',27),
(874,'Santa Helena del Opón',68),
(875,'Santa Isabel',73),
(876,'Santa Lucía',8),
(877,'Santa Marta',47),
(878,'Santa María',15),
(879,'Santa María',41),
(880,'Santa Rosa',13),
(881,'Santa Rosa',19),
(882,'Santa Rosa de Cabal',66),
(883,'Santa Rosa de Osos',5),
(884,'Santa Rosa de Viterbo',15),
(885,'Santa Rosa del Sur',13),
(886,'Santa Rosalía',99),
(887,'Santa Sofía',15),
(888,'Santana',15),
(889,'Santander de Quilichao',19),
(890,'Santiago',54),
(891,'Santiago',86),
(892,'Santo Domingo',5),
(893,'Santo Tomás',8),
(894,'Santuario',5),
(895,'Santuario',66),
(896,'Sapuyes',52),
(897,'Saravena',81),
(898,'Sardinata',54),
(899,'Sasaima',25),
(900,'Sativanorte',15),
(901,'Sativasur',15),
(902,'Segovia',5),
(903,'Sesquilé',25),
(904,'Sevilla',76),
(905,'Siachoque',15),
(906,'Sibaté',25),
(907,'Sibundoy',86),
(908,'Silos',54),
(909,'Silvania',25),
(910,'Silvia',19),
(911,'Simacota',68),
(912,'Simijaca',25),
(913,'Simití',13),
(914,'Sincelejo',70),
(915,'Sincé',70),
(916,'Sipí',27),
(917,'Sitionuevo',47),
(918,'Soacha',25),
(919,'Soatá',15),
(920,'Socha',15),
(921,'Socorro',68),
(922,'Socotá',15),
(923,'Sogamoso',15),
(924,'Solano',18),
(925,'Soledad',8),
(926,'Solita',18),
(927,'Somondoco',15),
(928,'Sonsón',5),
(929,'Sopetrán',5),
(930,'Soplaviento',13),
(931,'Sopó',25),
(932,'Sora',15),
(933,'Soracá',15),
(934,'Sotaquirá',15),
(935,'Sotara (Paispamba)',19),
(936,'Sotomayor (Los Andes)',52),
(937,'Suaita',68),
(938,'Suan',8),
(939,'Suaza',41),
(940,'Subachoque',25),
(941,'Sucre',19),
(942,'Sucre',68),
(943,'Sucre',70),
(944,'Suesca',25),
(945,'Supatá',25),
(946,'Supía',17),
(947,'Suratá',68),
(948,'Susa',25),
(949,'Susacón',15),
(950,'Sutamarchán',15),
(951,'Sutatausa',25),
(952,'Sutatenza',15),
(953,'Suárez',19),
(954,'Suárez',73),
(955,'Sácama',85),
(956,'Sáchica',15),
(957,'Tabio',25),
(958,'Tadó',27),
(959,'Talaigua Nuevo',13),
(960,'Tamalameque',20),
(961,'Tame',81),
(962,'Taminango',52),
(963,'Tangua',52),
(964,'Taraira',97),
(965,'Tarazá',5),
(966,'Tarqui',41),
(967,'Tarso',5),
(968,'Tasco',15),
(969,'Tauramena',85),
(970,'Tausa',25),
(971,'Tello',41),
(972,'Tena',25),
(973,'Tenerife',47),
(974,'Tenjo',25),
(975,'Tenza',15),
(976,'Teorama',54),
(977,'Teruel',41),
(978,'Tesalia',41),
(979,'Tibacuy',25),
(980,'Tibaná',15),
(981,'Tibasosa',15),
(982,'Tibirita',25),
(983,'Tibú',54),
(984,'Tierralta',23),
(985,'Timaná',41),
(986,'Timbiquí',19),
(987,'Timbío',19),
(988,'Tinjacá',15),
(989,'Tipacoque',15),
(990,'Tiquisio (Puerto Rico)',13),
(991,'Titiribí',5),
(992,'Toca',15),
(993,'Tocaima',25),
(994,'Tocancipá',25),
(995,'Toguí',15),
(996,'Toledo',5),
(997,'Toledo',54),
(998,'Tolú',70),
(999,'Tolú Viejo',70),
(1000,'Tona',68),
(1001,'Topagá',15),
(1002,'Topaipí',25),
(1003,'Toribío',19),
(1004,'Toro',76),
(1005,'Tota',15),
(1006,'Totoró',19),
(1007,'Trinidad',85),
(1008,'Trujillo',76),
(1009,'Tubará',8),
(1010,'Tuchín',23),
(1011,'Tulúa',76),
(1012,'Tumaco',52),
(1013,'Tunja',15),
(1014,'Tunungua',15),
(1015,'Turbaco',13),
(1016,'Turbaná',13),
(1017,'Turbo',5),
(1018,'Turmequé',15),
(1019,'Tuta',15),
(1020,'Tutasá',15),
(1021,'Támara',85),
(1022,'Támesis',5),
(1023,'Túquerres',52),
(1024,'Ubalá',25),
(1025,'Ubaque',25),
(1026,'Ubaté',25),
(1027,'Ulloa',76),
(1028,'Une',25),
(1029,'Unguía',27),
(1030,'Unión Panamericana (ÁNIMAS)',27),
(1031,'Uramita',5),
(1032,'Uribe',50),
(1033,'Uribia',44),
(1034,'Urrao',5),
(1035,'Urumita',44),
(1036,'Usiacuri',8),
(1037,'Valdivia',5),
(1038,'Valencia',23),
(1039,'Valle de San José',68),
(1040,'Valle de San Juan',73),
(1041,'Valle del Guamuez',86),
(1042,'Valledupar',20),
(1043,'Valparaiso',5),
(1044,'Valparaiso',18),
(1045,'Vegachí',5),
(1046,'Venadillo',73),
(1047,'Venecia',5),
(1048,'Venecia (Ospina Pérez)',25),
(1049,'Ventaquemada',15),
(1050,'Vergara',25),
(1051,'Versalles',76),
(1052,'Vetas',68),
(1053,'Viani',25),
(1054,'Vigía del Fuerte',5),
(1055,'Vijes',76),
(1056,'Villa Caro',54),
(1057,'Villa Rica',19),
(1058,'Villa de Leiva',15),
(1059,'Villa del Rosario',54),
(1060,'Villagarzón',86),
(1061,'Villagómez',25),
(1062,'Villahermosa',73),
(1063,'Villamaría',17),
(1064,'Villanueva',13),
(1065,'Villanueva',44),
(1066,'Villanueva',68),
(1067,'Villanueva',85),
(1068,'Villapinzón',25),
(1069,'Villarrica',73),
(1070,'Villavicencio',50),
(1071,'Villavieja',41),
(1072,'Villeta',25),
(1073,'Viotá',25),
(1074,'Viracachá',15),
(1075,'Vista Hermosa',50),
(1076,'Viterbo',17),
(1077,'Vélez',68),
(1078,'Yacopí',25),
(1079,'Yacuanquer',52),
(1080,'Yaguará',41),
(1081,'Yalí',5),
(1082,'Yarumal',5),
(1083,'Yolombó',5),
(1084,'Yondó (Casabe)',5),
(1085,'Yopal',85),
(1086,'Yotoco',76),
(1087,'Yumbo',76),
(1088,'Zambrano',13),
(1089,'Zapatoca',68),
(1090,'Zapayán (PUNTA DE PIEDRAS)',47),
(1091,'Zaragoza',5),
(1092,'Zarzal',76),
(1093,'Zetaquirá',15),
(1094,'Zipacón',25),
(1095,'Zipaquirá',25),
(1096,'Zona Bananera (PRADO - SEVILLA)',47),
(1097,'Ábrego',54),
(1098,'Íquira',41),
(1099,'Úmbita',15),
(1100,'Útica',25);

-- Role 

INSERT INTO `role` 
(`id_role`, `role`, `description`)
VALUES
(100, 'ADMIN', 'SYSTEM ADMIN'),
(200, 'EMPLOYEE', 'EMPLOYEE FOR ENTERPRISE'),
(300, 'USER', 'USER WHO USES THE APP');

-- Insert subscription plans
INSERT INTO `petmatch_dev`.`subscription` 
(`id_subscription`, `subscription`, `description`, `amount`)
VALUES
(1, 'Freemium', 'Free plan with basic features', 0.00),
(2, 'Basic', 'Affordable plan with additional features', 29.990),
(3, 'Premium', 'Premium plan with advanced features', 59.990);

-- Insert Subscription_feature

INSERT INTO `petmatch_dev`.`subscription_feature` 
(`id_subscription_feature`, `subscription_feature`, `description`)
VALUES
(1, 'unlimited_likes', 'Unlimited Likes'),
(2, 'unlimited_filters', 'Unlimited Filters'),
(3, 'unlimited_reach', 'Unlimited Reach'),
(4, 'superlikes', 'Superlikes');

INSERT INTO `petmatch_dev`.`user` (`id_user`, `name`, `last_name`, `phone`, `password`, `email`, `birthdate`, `subscription_user`, `role_user`, `document_user`)
VALUES
(1, 'Felipe', 'Cabeza', '3022901384', 'hola1234', 'felipe@gmail.com', '1998-05-05', 3, 100, 100),
(2, 'Maria', 'Gomez', '9876543210', 'securepass', 'maria@example.com', '1985-05-15', 1, 200, 200),
(3, 'Carlos', 'Lopez', '5551112233', 'pass123', 'carlos@example.com', '1982-11-30', 2, 300, 300),
(4, 'Laura', 'Rodriguez', '7778889999', 'mypassword', 'laura@example.com', '1995-07-22', 1, 300, 400),
(5, 'Pedro', 'Martinez', '1112223333', 'p@ssw0rd', 'pedro@example.com', '1988-04-10', 1, 300, 500),
(6, 'Ana', 'Santos', '4445556666', 'secure123', 'ana@example.com', '1992-09-18', 1, 300, 600),
(7, 'Luis', 'Hernandez', '9990001111', 'luispass', 'luis@example.com', '1980-03-05', 2, 300, 700),
(8, 'Elena', 'Fernandez', '6667778888', 'myp@ss', 'elena@example.com', '1998-12-12', 1, 300, 800),
(9, 'Alejandro', 'Ramirez', '3334445555', 'pass1234', 'alejandro@example.com', '1987-06-28', 1, 300, 900),
(10, 'Sofia', 'Diaz', '2223334444', 'sofiapass', 'sofia@example.com', '1993-08-07', 1, 300, 1000);


-- Addresses


INSERT INTO `address` (`id_address`, `address`, `description`, `neightborhood`, `city_address`, `postal_code`, `user_address`) 
VALUES
(1, "Carrera 10#12-45", "Dirección principal", "La esperanza", 107, "50000", 1),
(2, "Diagonal 15#55-46", "Dirección del trabajo", "La isla", 107, "50002", 1),
(3, "Calle 100#12-53", "Casa", "Chapinero", 107, "509992", 2),
(4, "Avenida 1#11-23", "Dirección del trabajo", "El poblado", 107, "50400", 3),
(5, "Calle 2#22-33", "Casa", "La candelaria", 107, "50800", 4),
(6, "Calle 3#33-44", "Dirección principal", "Usaquén", 107, "50300", 5),
(7, "Calle 4#44-55", "Dirección del trabajo", "Santa fe", 107, "50000", 6),
(8, "Calle 5#55-66", "Casa", "San cristobal", 107, "50200", 1),
(9, "Calle 6#66-77", "Dirección principal", "Suba", 107, "50000", 7),
(10, "Calle 7#77-88", "Dirección del trabajo", "Teusaquillo", 107, "50700", 2),
(11, "Calle 8#88-99", "Casa", "Los andes", 107, "50900", 4),
(12, "Calle 9#99-100", "Dirección principal", "La jolla", 107, "50100", 9),
(13, "Calle 10#100-111", "Dirección del trabajo", "Bosa", 107, "50300", 8),
(14, "Calle 11#111-122", "Casa", "Engativá", 107, "50400", 10),
(15, "Calle 12#122-133", "Dirección principal", "Barrios unidos", 107, "50500", 2),
(16, "Calle 13#133-144", "Dirección del trabajo", "Fontibón", 107, "50600", 3),
(17, "Calle 14#144-155", "Casa", "Kennedy", 107, "50700", 4),
(18, "Calle 15#155-166", "Dirección principal", "Puente aranda", 107, "50800", 5),
(19, "Calle 16#166-177", "Dirección del trabajo", "Antonio nariño", 107, "50900", 6),
(20, "Calle 17#177-188", "Casa", "Los martires", 107, "51000", 3),
(21, "Calle 18#188-199", "Dirección principal", "La merced", 107, "51100", 2);


-- Modules

-- Agregar módulos del sistema

INSERT INTO `modulo` 
(`id_modulo`, `modulo`, `description`)
VALUES
(1, 'FEED', 'Feed for find couple'),
(2, 'PROFILE', 'Profile'),
(3, 'CHAT', 'Chat with matches'),
(4, 'HOME', 'HOme petmatch'),
(5, 'SETTINGS', 'Normal settings.'),
(6, 'DASHBOARD', 'Show charts.'),
(7, 'USERS', 'Activate users'),
(8, 'PAYMENTS', 'Payments module'),
(9, 'VIEW PAYMENTS', 'Payments dashboard');


-- Permissions

INSERT INTO `permission` 
(`id_permission`, `permission`, `description`)
VALUES
(0, 'NO PERMISSIONS', 'NO PERMISSIONS'),
(1000, 'READ', 'READ PERMISSIONS IN THE MODULE'),
(2000, 'WRITE', 'WRITE PERMISSIONS IN THE MODULE'),
(3000, 'UPDATE', 'UPDATE PERMISSIONS IN THE MODULE'),
(4000, 'DELETE', 'DELETE PERMISSIONS IN THE MODULE');


-- Operations

-- Admin can CRUD All modules 
INSERT INTO `operation` 
(`id_operation`, `role_operation`, `modulo_operation`, `permission_operation`) 
VALUES
(1, 100, 1, 1000),
(2, 100, 1, 2000),
(3, 100, 1, 3000),
(4, 100, 1, 4000),
(5, 100, 2, 1000),
(6, 100, 2, 2000),
(7, 100, 2, 3000),
(8, 100, 2, 4000),
(9, 100, 3, 1000),
(10, 100, 3, 2000),
(11, 100, 3, 3000),
(12, 100, 3, 4000),
(13, 100, 4, 1000),
(14, 100, 4, 2000),
(15, 100, 4, 3000),
(16, 100, 4, 4000),
(17, 100, 5, 1000),
(18, 100, 5, 2000),
(19, 100, 5, 3000),
(20, 100, 5, 4000),
(21, 100, 6, 1000),
(22, 100, 6, 2000),
(23, 100, 6, 3000),
(24, 100, 6, 4000),
(25, 100, 7, 1000),
(26, 100, 7, 2000),
(27, 100, 7, 3000),
(28, 100, 7, 4000),
(29, 100, 8, 1000),
(30, 100, 8, 2000),
(31, 100, 8, 3000),
(32, 100, 8, 4000),
(33, 100, 9, 1000),
(34, 100, 9, 2000),
(35, 100, 9, 3000),
(36, 100, 9, 4000),

-- Employee can view write and read all modules excepting USERS

(37, 200, 1, 1000),
(38, 200, 2, 1000),
(39, 200, 2, 2000),
(40, 200, 3, 1000),
(41, 200, 3, 2000),
(42, 200, 4, 1000),
(44, 200, 5, 1000),
(45, 200, 5, 2000),
(46, 200, 6, 1000),
(50, 200, 8, 1000),
(52, 200, 9, 1000),

-- User or customer

(53, 200, 1, 1000),
(54, 200, 2, 1000),
(55, 200, 2, 2000),
(56, 200, 3, 1000),
(57, 200, 3, 2000),
(58, 200, 4, 1000),
(60, 200, 5, 1000),
(61, 200, 5, 2000),
(63, 200, 8, 1000);



-- Provider accounts

INSERT INTO social_account_provider (id_social_account_provider, social_account_provider, description) VALUES 
(100000, "FACEBOOK", "FACEBOOK OAUTH"),
(100001, "GOOGLE", "GOOGLE OAUTH");


-- Social accounts (uid)

INSERT INTO social_account (id_social_account, uid, id_user) VALUES 
(100000, "12345",  1),
(100001, "12345",  1),
(100000, "123456789",  2),
(100001, "444",  3);

-- Features


-- Pet type 
INSERT INTO `pet_type` (`id_pet_type`, `pet_type`)
VALUES
(3000, 'Perro'),
(3001, 'Gato');

-- Breed 

INSERT INTO `breed` (`id_breed`, `breed`, `pet_type_breed`)
VALUES
(2000, 'Pug', 3000),
(2001, 'Labrador', 3000),
(2002, 'Chiwawa', 3000),
(2003, 'Buldog Francés', 3000),
(2004, 'Doberman', 3000),
(2005, 'Persa', 3001);





-- Pets

INSERT INTO `petmatch_dev`.`pet` 
(`id_pet`, `user_pet`, `name`, `gender`, `breed_pet`)
VALUES
(1, 1, 'Buddy', 'M', 2000),
(2, 2, 'Luna', 'F', 2001),
(3, 3, 'Max', 'M', 2002),
(4, 4, 'Daisy', 'F', 2003),
(5, 5, 'Charlie', 'M', 2004),
(6, 6, 'Molly', 'F', 2000),
(7, 7, 'Rocky', 'M', 2001),
(8, 8, 'Zoe', 'F', 2002),
(9, 9, 'Bella', 'F', 2003),
(10, 10, 'Cooper', 'M', 2004),
(11, 1, 'Lucy', 'F', 2000),
(12, 2, 'Leo', 'M', 2001),
(13, 3, 'Milo', 'M', 2002),
(14, 4, 'Sadie', 'F', 2003),
(15, 5, 'Tucker', 'M', 2004),
(16, 6, 'Chloe', 'F', 2000),
(17, 7, 'Bailey', 'M', 2001),
(18, 8, 'Oscar', 'M', 2002),
(19, 9, 'Lola', 'F', 2003),
(20, 10, 'Teddy', 'M', 2004);

-- Pet feature
INSERT INTO `petmatch_dev`.`feature` (`id_feature`, `feature`, `is_active`)
VALUES
  (1000, 'Grande y Chato', 1),
  (1001, 'Peludo', 1),
  (1002, 'Juguetón', 1),
  (1003, 'Amigable', 1),
  (1004, 'Leal', 1),
  (1005, 'Energético', 1),
  (1006, 'Mimoso', 1),
  (1007, 'Inteligente', 1),
  (1008, 'Bueno con Niños', 1),
  (1009, 'Bajo Mantenimiento', 1),
  (1010, 'Independiente', 1),
  (1011, 'Sociable', 1),
  (1012, 'Alerta', 1),
  (1013, 'Obediente', 1),
  (1014, 'Curioso', 1),
  (1015, 'Adaptable', 1),
  (1016, 'Afectuoso', 1),
  (1017, 'Protector', 1),
  (1018, 'Bueno con Otras Mascotas', 1),
  (1019, 'Relajado', 1);


-- Insert features for pets
INSERT INTO `petmatch_dev`.`pet_feature` (`id_pet`, `id_feature`)
VALUES
-- Features for pet 1
(1, 1000), -- Grande
(1, 1004), -- Obediente

-- Features for pet 2
(2, 1001), -- Opaco
(2, 1005), -- Hiperactivo

-- Features for pet 3
(3, 1002), -- Crespo
(3, 1004), -- Obediente

-- Features for pet 4
(4, 1003), -- Bravo
(4, 1006), -- Longevo

-- Features for pet 5
(5, 1007), -- Chato
(5, 1004), -- Obediente

-- Features for pet 6
(6, 1000), -- Grande
(6, 1002), -- Crespo

-- Features for pet 7
(7, 1001), -- Opaco
(7, 1003), -- Bravo

-- Features for pet 8
(8, 1005), -- Hiperactivo
(8, 1006), -- Longevo

-- Features for pet 9
(9, 1000), -- Grande
(9, 1007), -- Chato

-- Features for pet 10
(10, 1002), -- Crespo
(10, 1003), -- Bravo

-- Features for pet 11
(11, 1004), -- Obediente
(11, 1006), -- Longevo

-- Features for pet 12
(12, 1001), -- Opaco
(12, 1007), -- Chato

-- Features for pet 13
(13, 1000), -- Grande
(13, 1005), -- Hiperactivo

-- Features for pet 14
(14, 1002), -- Crespo
(14, 1003), -- Bravo

-- Features for pet 15
(15, 1004), -- Obediente
(15, 1007), -- Chato

-- Features for pet 16
(16, 1001), -- Opaco
(16, 1005), -- Hiperactivo

-- Features for pet 17
(17, 1000), -- Grande
(17, 1006), -- Longevo

-- Features for pet 18
(18, 1002), -- Crespo
(18, 1007), -- Chato

-- Features for pet 19
(19, 1003), -- Bravo
(19, 1004), -- Obediente

-- Features for pet 20
(20, 1005), -- Hiperactivo
(20, 1006); -- Longevo



-- Photo users

INSERT INTO `photo` (`id_photo`, `url`, `description`, `user_photo`) 
VALUES 
(2, 'images/asset2.jpg', 'Asset 2 description', 1),
(3, 'images/asset3.jpg', 'Asset 3 description', 2),
(4, 'images/asset4.jpg', 'Asset 4 description', 3),
(6, 'images/asset6.jpg', 'Asset 6 description', 5),
(7, 'images/asset7.jpg', 'Asset 7 description', 6),
(8, 'images/asset8.jpg', 'Asset 8 description', 7),
(9, 'images/asset9.jpg', 'Asset 9 description', 8),
(10, 'images/asset10.jpg', 'Asset 10 description', 9);

--  Photo Pets

INSERT INTO `photo` (`id_photo`, `url`, `description`, `pet_photo`) 
VALUES 
(12, 'images-pet/asset2.jpg', 'Asset 2 description', 1),
(13, 'images-pet/asset3.jpg', 'Asset 3 description', 2),
(14, 'images-pet/asset4.jpg', 'Asset 4 description', 3),
(15, 'images-pet/asset5.jpg', 'Asset 5 description', 4),
(16, 'images-pet/asset6.jpg', 'Asset 6 description', 5),
(17, 'images-pet/asset7.jpg', 'Asset 7 description', 6),
(18, 'images-pet/asset8.jpg', 'Asset 8 description', 7),
(19, 'images-pet/asset9.jpg', 'Asset 9 description', 8),
(20, 'images-pet/asset10.jpg', 'Asset 10 description', 9),
(22, 'images-pet/asset12.jpg', 'Asset 12 description', 11),
(23, 'images-pet/asset13.jpg', 'Asset 13 description', 12),
(24, 'images-pet/asset14.jpg', 'Asset 14 description', 13),
(25, 'images-pet/asset15.jpg', 'Asset 15 description', 14),
(26, 'images-pet/asset16.jpg', 'Asset 16 description', 15),
(27, 'images-pet/asset17.jpg', 'Asset 17 description', 16),
(28, 'images-pet/asset18.jpg', 'Asset 18 description', 17),
(29, 'images-pet/asset19.jpg', 'Asset 19 description', 18),
(30, 'images-pet/asset20.jpg', 'Asset 20 description', 19),
(31, 'images-pet/asset21.jpg', 'Asset 21 description', 10),
(32, 'images-pet/asset22.jpg', 'Asset 22 description', 10),
(33, 'images-pet/asset23.jpg', 'Asset 23 description', 10),
(34, 'images-pet/asset24.jpg', 'Asset 24 description', 1),
(35, 'images-pet/asset25.jpg', 'Asset 25 description', 3),
(36, 'images-pet/asset26.jpg', 'Asset 26 description', 5),
(37, 'images-pet/asset27.jpg', 'Asset 27 description', 7),
(38, 'images-pet/asset28.jpg', 'Asset 28 description', 9);



-- Likes 


-- Insert likes for pets
INSERT INTO `petmatch_dev`.`like` (`id_like`, `from_pet`, `to_pet`)
VALUES
-- Likes for pets 1 to 10
-- Buddy a Luna
(1, 1, 2),
-- Max a Daisy
(2, 3, 4),
-- Charlie a Molly
(3, 5, 6),

-- Ahora las hembras 
-- Luna a Buddy (MATCH)
(4, 2, 1),
-- Daisy a Max (MATCH)
(5, 4, 3),
-- Lola a Cooper 
(6, 9, 10);

-- Insert dislikes for pets
INSERT INTO `petmatch_dev`.`dislike` (`id_dislike`, `from_pet`, `to_pet`)
VALUES
-- Dislikes for pets 1 to 10
-- Buddy a Max
(1, 1, 3),
-- Max a Charlie
(2, 3, 5),
-- Charlie a Luna
(3, 5, 2),
-- Molly a Charlie
(4, 6, 5),
-- Rocky a Zoe
(5, 7, 8);


-- Insert matches for pets
INSERT INTO `petmatch_dev`.`match` (`id_match`, `like_male`, `like_female`)
VALUES

-- Luna a Buddy (MATCH)
(1, 2, 1),
-- Daisy a Max (MATCH)
(2, 4, 3);




INSERT INTO `log` 
(`user_id_user`, `http_method_id_http_method`, `modulo_id_modulo`, `ip_address`)
VALUES 
(1, (SELECT id_http_method FROM http_method WHERE http_method='GET'), 1, '127.0.0.1'),
(1, (SELECT id_http_method FROM http_method WHERE http_method='POST'), 3, '127.0.0.1'),
(2, (SELECT id_http_method FROM http_method WHERE http_method='UPDATE'), 2, '127.0.0.1'),
(1, (SELECT id_http_method FROM http_method WHERE http_method='DELETE'), 5, '127.0.0.1'),
(4, (SELECT id_http_method FROM http_method WHERE http_method='GET'), 4, '127.0.0.1'),
(5, (SELECT id_http_method FROM http_method WHERE http_method='UPDATE'), 7, '127.0.0.1'),
(6, (SELECT id_http_method FROM http_method WHERE http_method='POST'), 6, '127.0.0.1'),
(3, (SELECT id_http_method FROM http_method WHERE http_method='DELETE'), 8, '127.0.0.1'),
(8, (SELECT id_http_method FROM http_method WHERE http_method='GET'), 1, '127.0.0.1'),
(9, (SELECT id_http_method FROM http_method WHERE http_method='UPDATE'), 3, '127.0.0.1'),
(1, (SELECT id_http_method FROM http_method WHERE http_method='POST'), 2, '127.0.0.1'),
(1, (SELECT id_http_method FROM http_method WHERE http_method='DELETE'), 5, '127.0.0.1'),
(2, (SELECT id_http_method FROM http_method WHERE http_method='GET'), 4, '127.0.0.1'),
(4, (SELECT id_http_method FROM http_method WHERE http_method='POST'), 7, '127.0.0.1'),
(5, (SELECT id_http_method FROM http_method WHERE http_method='UPDATE'), 6, '127.0.0.1'),
(6, (SELECT id_http_method FROM http_method WHERE http_method='DELETE'), 8, '127.0.0.1'),
(3, (SELECT id_http_method FROM http_method WHERE http_method='GET'), 1, '127.0.0.1'),
(8, (SELECT id_http_method FROM http_method WHERE http_method='UPDATE'), 3, '127.0.0.1'),
(9, (SELECT id_http_method FROM http_method WHERE http_method='POST'), 2, '127.0.0.1'),
(1, (SELECT id_http_method FROM http_method WHERE http_method='DELETE'), 5, '127.0.0.1'),
(1, (SELECT id_http_method FROM http_method WHERE http_method='GET'), 4, '127.0.0.1'),
(2, (SELECT id_http_method FROM http_method WHERE http_method='POST'), 7, '127.0.0.1'),
(4, (SELECT id_http_method FROM http_method WHERE http_method='UPDATE'), 6, '127.0.0.1'),
(5, (SELECT id_http_method FROM http_method WHERE http_method='DELETE'), 8, '127.0.0.1'),
(6, (SELECT id_http_method FROM http_method WHERE http_method='GET'), 1, '127.0.0.1'),
(3, (SELECT id_http_method FROM http_method WHERE http_method='UPDATE'), 3, '127.0.0.1'),
(8, (SELECT id_http_method FROM http_method WHERE http_method='POST'), 2, '127.0.0.1'),
(9, (SELECT id_http_method FROM http_method WHERE http_method='DELETE'), 5, '127.0.0.1'),
(1, (SELECT id_http_method FROM http_method WHERE http_method='GET'), 4, '127.0.0.1'),
(1, (SELECT id_http_method FROM http_method WHERE http_method='POST'), 7, '127.0.0.1'),
(2, (SELECT id_http_method FROM http_method WHERE http_method='UPDATE'), 6, '127.0.0.1'),
(4, (SELECT id_http_method FROM http_method WHERE http_method='DELETE'), 8, '127.0.0.1'),
(5, (SELECT id_http_method FROM http_method WHERE http_method='GET'), 1, '127.0.0.1'),
(6, (SELECT id_http_method FROM http_method WHERE http_method='UPDATE'), 3, '127.0.0.1'),
(3, (SELECT id_http_method FROM http_method WHERE http_method='POST'), 2, '127.0.0.1'),
(8, (SELECT id_http_method FROM http_method WHERE http_method='DELETE'), 5, '127.0.0.1'),
(9, (SELECT id_http_method FROM http_method WHERE http_method='GET'), 4, '127.0.0.1'),
(1, (SELECT id_http_method FROM http_method WHERE http_method='POST'), 7, '127.0.0.1'),
(1, (SELECT id_http_method FROM http_method WHERE http_method='UPDATE'), 6, '127.0.0.1'),
(2, (SELECT id_http_method FROM http_method WHERE http_method='DELETE'), 8, '127.0.0.1'),
(4, (SELECT id_http_method FROM http_method WHERE http_method='GET'), 1, '127.0.0.1'),
(5, (SELECT id_http_method FROM http_method WHERE http_method='UPDATE'), 3, '127.0.0.1'),
(6, (SELECT id_http_method FROM http_method WHERE http_method='POST'), 2, '127.0.0.1'),
(3, (SELECT id_http_method FROM http_method WHERE http_method='DELETE'), 5, '127.0.0.1'),
(8, (SELECT id_http_method FROM http_method WHERE http_method='GET'), 4, '127.0.0.1'),
(9, (SELECT id_http_method FROM http_method WHERE http_method='UPDATE'), 7, '127.0.0.1'),
(1, (SELECT id_http_method FROM http_method WHERE http_method='POST'), 6, '127.0.0.1'),
(1, (SELECT id_http_method FROM http_method WHERE http_method='DELETE'), 8, '127.0.0.1'),
(2, (SELECT id_http_method FROM http_method WHERE http_method='GET'), 1, '127.0.0.1'),
(4, (SELECT id_http_method FROM http_method WHERE http_method='UPDATE'), 3, '127.0.0.1'),
(5, (SELECT id_http_method FROM http_method WHERE http_method='POST'), 2, '127.0.0.1');

